timestamp,vehicle_id,speed,engine_temp,fuel_level,gps_lat,gps_long
2025-10-28 01:57:25,3805,22.34,71.64,53.07,22.27,88.05
2025-10-28 01:57:25,9777,22.16,115.47,19.44,10.77,77.43
2025-10-28 01:57:25,8634,62.2,105.48,48.29,19.96,96.18
2025-10-28 01:57:25,6151,26.86,88.02,49.67,30.65,71.76
2025-10-28 01:57:25,1605,115.67,116.02,19.48,11.64,94.54
2025-10-28 01:57:25,4473,111.68,96.96,73.07,9.19,74.62
2025-10-28 01:57:25,6178,98.41,85.71,88.26,10.33,75.81
2025-10-28 01:57:25,2814,65.35,76.92,90.27,32.44,84.52
2025-10-28 01:57:25,6775,112.28,98.36,37.44,30.68,84.08
2025-10-28 01:57:25,2863,33.75,88.77,97.71,33.16,86.56
2025-10-28 01:57:25,6781,81.79,85.66,24.11,20.94,72.61
2025-10-28 01:57:25,6557,41.67,101.16,22.76,32.66,74.14
2025-10-28 01:57:25,3191,102.06,104.12,83.45,37.59,91.74
2025-10-28 01:57:25,4230,79.29,101.17,92.86,23.84,94.09
2025-10-28 01:57:25,5660,93.52,91.8,34.05,10.75,70.87
2025-10-28 01:57:25,2768,110.61,70.01,93.45,28.63,92.06
2025-10-28 01:57:25,6717,82.21,86.58,73.08,23.8,90.42
2025-10-28 01:57:25,1756,71.37,108.29,75.58,19.66,76.3
2025-10-28 01:57:25,6835,52.07,117.45,25.49,12.55,74.46
2025-10-28 01:57:26,3328,69.0,89.88,81.91,11.3,95.33
2025-10-28 01:57:26,5446,116.81,88.79,47.68,29.82,78.03
2025-10-28 01:57:26,4218,46.77,119.89,19.95,31.24,78.93
2025-10-28 01:57:26,6963,118.45,66.92,82.85,30.14,71.79
2025-10-28 01:57:26,8353,51.72,61.57,89.44,29.96,88.46
2025-10-28 01:57:26,8974,49.07,110.97,32.83,16.29,84.84
2025-10-28 01:57:26,5580,44.2,81.92,83.18,32.15,87.68
2025-10-28 01:57:26,8469,40.06,85.06,85.18,20.74,94.65
2025-10-28 01:57:26,1512,101.36,70.94,90.88,33.54,71.69
2025-10-28 01:57:26,1082,21.05,83.49,13.87,9.45,85.6
2025-10-28 01:57:26,1578,49.18,104.06,29.91,32.5,88.42
2025-10-28 01:57:26,7415,78.49,60.77,96.23,9.31,71.64
2025-10-28 01:57:26,9593,64.49,72.9,29.95,9.64,81.86
2025-10-28 01:57:26,8927,55.26,87.74,36.35,37.05,82.8
2025-10-28 01:57:26,6327,32.15,97.58,76.33,26.28,92.52
2025-10-28 01:57:26,9744,107.31,95.79,13.13,20.27,93.86
2025-10-28 01:57:26,3110,42.04,105.48,79.14,20.06,73.21
2025-10-28 01:57:26,5665,61.38,119.97,77.92,17.65,78.04
2025-10-28 01:57:26,8177,36.73,92.68,79.31,25.3,84.91
2025-10-28 01:57:26,4374,93.89,78.45,83.71,13.68,96.02
2025-10-28 01:57:27,6304,24.03,98.06,78.0,12.02,89.47
2025-10-28 01:57:27,9225,105.24,81.25,10.18,27.48,84.25
2025-10-28 01:57:27,6220,101.5,118.13,99.96,16.68,85.54
2025-10-28 01:57:27,4374,67.24,96.46,46.33,26.17,88.11
2025-10-28 01:57:27,5330,73.1,106.43,80.06,28.03,73.41
2025-10-28 01:57:27,6978,75.45,86.96,81.07,29.29,86.11
2025-10-28 01:57:27,6173,55.6,115.18,25.56,22.3,96.06
2025-10-28 01:57:27,7336,41.72,73.92,17.24,26.85,92.55
2025-10-28 01:57:27,8663,116.07,72.79,49.43,28.81,75.93
2025-10-28 01:57:27,7347,86.79,82.14,25.59,19.29,96.15
2025-10-28 01:57:27,4430,49.61,104.84,45.07,9.25,70.73
2025-10-28 01:57:27,6908,20.42,115.36,92.74,10.65,71.41
2025-10-28 01:57:27,6237,35.96,64.3,28.95,13.2,79.87
2025-10-28 01:57:27,4785,45.37,104.73,27.0,13.11,88.96
2025-10-28 01:57:27,3738,113.07,84.79,21.67,22.3,81.53
2025-10-28 01:57:27,6695,53.17,112.15,40.06,34.41,77.64
2025-10-28 01:57:27,6694,31.04,70.91,90.42,21.49,84.02
2025-10-28 01:57:27,9221,68.42,80.81,22.66,33.55,93.87
2025-10-28 01:57:27,8828,39.12,96.7,53.12,15.06,72.51
2025-10-28 01:57:27,1243,80.76,88.56,45.65,8.62,89.51
2025-10-28 01:57:28,2634,107.31,105.43,71.27,16.88,80.46
2025-10-28 01:57:28,5093,58.04,73.6,16.82,22.18,70.35
2025-10-28 01:57:28,4844,44.67,119.14,30.35,21.43,91.6
2025-10-28 01:57:28,9095,28.11,110.08,20.15,17.93,72.17
2025-10-28 01:57:28,7714,38.4,102.56,69.64,9.4,91.05
2025-10-28 01:57:28,4633,80.68,88.05,39.73,15.92,82.29
2025-10-28 01:57:28,3361,89.19,81.72,47.92,18.41,79.51
2025-10-28 01:57:28,6856,109.59,61.47,19.97,12.67,89.71
2025-10-28 01:57:28,5518,78.87,86.92,10.62,25.44,84.12
2025-10-28 01:57:28,1681,42.93,80.6,21.53,27.79,94.36
2025-10-28 01:57:28,1197,87.5,80.43,28.96,29.58,84.07
2025-10-28 01:57:28,3984,35.25,61.74,38.37,35.78,90.96
2025-10-28 01:57:28,2887,58.97,63.98,87.46,24.93,88.32
2025-10-28 01:57:28,7788,117.33,102.11,22.67,11.17,80.47
2025-10-28 01:57:28,5415,84.7,68.31,70.81,36.72,73.62
2025-10-28 01:57:28,2183,107.85,117.06,28.12,20.35,70.45
2025-10-28 01:57:28,6480,113.42,92.01,84.29,23.75,93.58
2025-10-28 01:57:28,8277,42.21,105.24,27.04,10.03,96.67
2025-10-28 01:57:28,3338,106.44,82.83,96.49,16.14,81.16
2025-10-28 01:57:29,5812,21.21,113.41,88.65,8.91,88.38
2025-10-28 01:57:29,4150,62.14,105.13,67.72,17.87,74.24
2025-10-28 01:57:29,6988,97.25,68.78,89.06,21.21,91.94
2025-10-28 01:57:29,8911,43.85,64.46,45.88,33.1,79.0
2025-10-28 01:57:29,6393,94.2,70.69,86.04,23.35,88.2
2025-10-28 01:57:29,3607,45.74,106.83,56.61,32.88,73.15
2025-10-28 01:57:29,8719,24.11,104.23,95.75,15.79,83.86
2025-10-28 01:57:29,3627,76.56,99.44,38.41,18.36,88.83
2025-10-28 01:57:29,5760,100.96,76.03,99.36,34.16,93.99
2025-10-28 01:57:29,9512,115.4,95.4,64.58,28.95,89.67
2025-10-28 01:57:29,9349,28.72,60.11,44.01,12.09,89.93
2025-10-28 01:57:29,4714,35.98,106.33,39.8,29.15,83.73
2025-10-28 01:57:29,1603,95.66,96.53,64.15,37.02,96.45
2025-10-28 01:57:29,4521,20.77,78.24,42.73,25.44,95.55
2025-10-28 01:57:29,4135,96.0,64.61,11.76,19.96,85.5
2025-10-28 01:57:29,7941,61.2,113.53,47.64,22.83,93.71
2025-10-28 01:57:29,5035,88.5,108.74,21.58,34.5,73.84
2025-10-28 01:57:29,2655,51.36,81.02,32.71,11.33,74.28
2025-10-28 01:57:29,9536,61.54,91.91,18.62,20.81,80.77
2025-10-28 01:57:29,4652,41.59,69.09,30.14,19.79,97.15
2025-10-28 01:57:30,9799,77.03,80.65,61.37,13.41,79.3
2025-10-28 01:57:30,6536,63.37,112.53,96.99,15.36,69.33
